gene_symbol	log2FoldChange	padj	significant	in_general	in_gse86244_age_proxy
LINC01117	0.6509743691647645	6.304422608006468e-4	TRUE	FALSE	FALSE
LVRN	-0.7364216989495833	6.304422608006468e-4	TRUE	FALSE	FALSE
DPEP1	1.359703025665618	6.304422608006468e-4	TRUE	FALSE	FALSE
STRA6	1.635734880532598	7.346465293469194e-4	TRUE	FALSE	FALSE
TMEM196	2.9940190694360576	9.91597591882646e-4	TRUE	FALSE	FALSE
DUXAP10	0.8850916791503773	9.91597591882646e-4	TRUE	FALSE	FALSE
CDKN2A	0.7800732074658209	0.00104605436946179	TRUE	FALSE	FALSE
ENSG00000280241	0.7260711280314259	0.00105039232061288	TRUE	FALSE	FALSE
MUCL1	2.4060926730043395	0.00105039232061288	TRUE	FALSE	FALSE
GJB2	1.2445782006593344	0.00105039232061288	TRUE	FALSE	FALSE
TOMM40P2	1.1251508731509212	0.00105039232061288	TRUE	FALSE	FALSE
ENSG00000234389	0.9060021665158632	0.00105556403452897	TRUE	FALSE	FALSE
ENSG00000269933	-0.9142889945825377	0.00141478297491263	TRUE	FALSE	FALSE
SCG2	1.4442432075008662	0.00141478297491263	TRUE	FALSE	FALSE
SFRP2	1.509124405832689	0.00141478297491263	TRUE	FALSE	FALSE
DACT2	1.9603071808640609	0.00141478297491263	TRUE	FALSE	FALSE
CACNA1B	1.2791427358288274	0.00141478297491263	TRUE	FALSE	FALSE
RRM1	-0.204621142946684	0.00141478297491263	TRUE	FALSE	FALSE
TMPRSS2	2.1377596733586697	0.00141478297491263	TRUE	FALSE	FALSE
MEGF6	0.6141477993510154	0.00158527676805964	TRUE	FALSE	FALSE
LINC00475	0.998076473978081	0.00158527676805964	TRUE	FALSE	FALSE
TTC36	-1.0543274352198586	0.00158527676805964	TRUE	FALSE	FALSE
LINGO2	1.5371492644287772	0.00172112367346847	TRUE	FALSE	FALSE
KRT223P	1.8881986867617129	0.00172112367346847	TRUE	FALSE	FALSE
LINC01013	1.0214795037444295	0.00216924191852165	TRUE	FALSE	FALSE
MIR924HG	-0.8970474079555767	0.00242682852397697	TRUE	FALSE	FALSE
CEMIP	1.4236137832209137	0.00247560325331571	TRUE	FALSE	FALSE
SCN1B	0.36097025508055847	0.00247560325331571	TRUE	FALSE	FALSE
C9orf152	1.342500314259785	0.00289977663617464	TRUE	FALSE	FALSE
NFU1	-0.3100194039315488	0.00301075438845493	TRUE	FALSE	FALSE
ENSG00000287979	1.7440524424124482	0.00339619284732543	TRUE	FALSE	FALSE
POU2F3	1.054346544833053	0.00350153052670191	TRUE	FALSE	FALSE
GREB1L	-0.9795538123927136	0.00350153052670191	TRUE	FALSE	FALSE
NNAT	-1.012554327535281	0.00350153052670191	TRUE	FALSE	FALSE
KRT14	1.2255875453564564	0.00368942495268516	TRUE	FALSE	FALSE
PDK2	-0.40426511147848687	0.00368942495268516	TRUE	FALSE	FALSE
LINC01152	2.422956860899916	0.00380109723196249	TRUE	FALSE	FALSE
PPP1R13L	0.3872044099174767	0.00404628209198866	TRUE	FALSE	FALSE
SERPINB7	1.612654341467176	0.00448523817146399	TRUE	FALSE	FALSE
DRAM2	-0.2820548267932097	0.00467651769588611	TRUE	FALSE	FALSE
PALD1	0.4045658320442046	0.00480854111305916	TRUE	FALSE	FALSE
WNT10B	0.9102826764180184	0.00480854111305916	TRUE	FALSE	FALSE
FOLH1	1.0917532640634	0.00485787742990267	TRUE	FALSE	FALSE
LMO3	0.5618361589923905	0.00495877560709152	TRUE	FALSE	FALSE
GRIA1	0.9854147758458528	0.00499368815968041	TRUE	FALSE	FALSE
TACSTD2	0.8861588738403556	0.00523858626702984	TRUE	FALSE	FALSE
TRABD2A	-0.5848737775436995	0.00541142116883827	TRUE	FALSE	FALSE
DMP1	1.855605848482941	0.00541142116883827	TRUE	FALSE	FALSE
LINC02246	-0.6198267611298638	0.00541142116883827	TRUE	FALSE	FALSE
HBA2	1.103439789042938	0.00546587317877423	TRUE	FALSE	FALSE
PCSK9	1.3995467178259935	0.00548577390209329	TRUE	FALSE	FALSE
SNAPC4	0.2269834163677753	0.00548577390209329	TRUE	FALSE	FALSE
ADAMTSL2	0.7884306557953173	0.00635988960658455	TRUE	FALSE	FALSE
ZNF469	0.6400031354415633	0.00635988960658455	TRUE	FALSE	FALSE
GFAP	-0.7361217220485198	0.00644237036604232	TRUE	FALSE	FALSE
PPFIA4	1.076801041599366	0.00658840452073811	TRUE	FALSE	FALSE
CTHRC1	0.7926363032729442	0.00676303618602538	TRUE	FALSE	FALSE
DUXAP9	0.8382158999660986	0.00676303618602538	TRUE	FALSE	FALSE
TCF21	0.6549240381666659	0.00686181039952464	TRUE	FALSE	FALSE
MSTO2P	0.3486604239183669	0.00704089520669813	TRUE	FALSE	FALSE
ENSG00000277128	1.056615746657204	0.00732669703424387	TRUE	FALSE	FALSE
SCARF2	0.45523657216166424	0.00749485475360027	TRUE	FALSE	FALSE
TSPAN15	-0.4948827166712493	0.00831579562625441	TRUE	FALSE	FALSE
KRT81	1.2487788679226235	0.00833411205945726	TRUE	FALSE	FALSE
RANBP17	-0.44294208402735175	0.00923078931513506	TRUE	FALSE	FALSE
PTGER3	-0.6764855302143535	0.00936245807465018	TRUE	FALSE	FALSE
PROK2	1.1158092410726417	0.00936245807465018	TRUE	FALSE	FALSE
EYA4	0.702210054949355	0.00936245807465018	TRUE	FALSE	FALSE
ENSG00000261578	-0.8483947989092661	0.00936245807465018	TRUE	FALSE	FALSE
B4GALNT3	0.9083475868667484	0.00936245807465018	TRUE	FALSE	FALSE
KRT7-AS	1.2307017264983988	0.00936245807465018	TRUE	FALSE	FALSE
MAOB	-0.6187430158756252	0.00936245807465018	TRUE	FALSE	FALSE
PTGR1	-0.3192037713099381	0.00940806297499459	TRUE	FALSE	FALSE
GALNT10	0.29484473935002903	0.00949983281163039	TRUE	FALSE	FALSE
SORT1	-0.3651989776383193	0.00957107397106928	TRUE	FALSE	FALSE
RPL3P4	-0.6438304154364269	0.00957107397106928	TRUE	FALSE	FALSE
RAP1GAP	0.8091203884719029	0.0096741455670083	TRUE	FALSE	FALSE
TOMM40P1	0.9519075261499528	0.0096741455670083	TRUE	FALSE	FALSE
APBA2	0.5916147695183991	0.0096741455670083	TRUE	FALSE	FALSE
SORBS1	-0.500729570048241	0.00971523157854093	TRUE	FALSE	FALSE
STC2	0.9185356047061894	0.00991561946459498	TRUE	FALSE	FALSE
ANO10	-0.2053356266766201	0.01006195616416626	TRUE	FALSE	FALSE
ENSG00000204055	0.8009957921049999	0.01020880508272517	TRUE	FALSE	FALSE
ADGRG3	0.8070817119829486	0.01063682813168761	TRUE	FALSE	FALSE
ULK3	0.1747573244171165	0.01066178954597543	TRUE	FALSE	FALSE
CHMP1B2P	0.5917512400213868	0.01066805311669667	TRUE	FALSE	FALSE
CNGA3	1.34826937183363	0.01088767939427976	TRUE	FALSE	FALSE
CELSR3	0.42211512228676706	0.01088767939427976	TRUE	FALSE	FALSE
AKAP1	-0.25608662269775573	0.01149959695335731	TRUE	FALSE	FALSE
GRAMD2B	0.31362117827216923	0.01161318734545868	TRUE	FALSE	FALSE
ENSG00000279118	0.3381574375823553	0.01161318734545868	TRUE	FALSE	FALSE
AR	-0.449175103888829	0.01161318734545868	TRUE	FALSE	FALSE
S100A12	1.1270989633041126	0.01214028825826741	TRUE	FALSE	FALSE
KCNK2	0.9247252182237612	0.01214028825826741	TRUE	FALSE	FALSE
SGCB	-0.27169893293750397	0.01214028825826741	TRUE	FALSE	FALSE
MSH3	-0.25135362958144003	0.01214028825826741	TRUE	FALSE	FALSE
CCN2	0.6540618449160915	0.01214028825826741	TRUE	FALSE	FALSE
COL17A1	0.974133337243568	0.01214028825826741	TRUE	FALSE	FALSE
NKPD1	0.6665532485366731	0.01214028825826741	TRUE	FALSE	FALSE
L3MBTL2-AS1	0.3390810616325184	0.01214028825826741	TRUE	FALSE	FALSE
TNFRSF19	0.6775962733427433	0.01243982682928724	TRUE	FALSE	FALSE
IL18RAP	0.6021888129598216	0.01262038965485038	TRUE	FALSE	FALSE
CPZ	1.1472706929984884	0.01262038965485038	TRUE	FALSE	FALSE
PTCHD4	0.6473748976734374	0.01276551907810074	TRUE	FALSE	FALSE
PTENP1	-0.5506571665278472	0.01283266101444371	TRUE	FALSE	FALSE
KRT19	1.0927137179653028	0.01304794457222742	TRUE	FALSE	FALSE
COL11A1	1.236640904480705	0.0135256410356419	TRUE	FALSE	FALSE
XXYLT1-AS2	0.7372658289936477	0.01356443019829106	TRUE	FALSE	FALSE
HOXD9	0.5640604444855262	0.01359808610631652	TRUE	FALSE	FALSE
FAM47E	-0.48125019086650594	0.01362440169948998	TRUE	FALSE	FALSE
KRT222	0.812975557201554	0.01375709001439314	TRUE	FALSE	FALSE
ARG1	0.8808296673058295	0.01387444152662471	TRUE	FALSE	FALSE
MEST	-0.7702135801420064	0.01387444152662471	TRUE	FALSE	FALSE
NPIPA9	-0.7733985294028939	0.01387444152662471	TRUE	FALSE	FALSE
TNS4	1.4028952730021091	0.01434147258655805	TRUE	FALSE	FALSE
RASEF	0.9900644209429956	0.01482375896931728	TRUE	FALSE	FALSE
MGAT4C	1.3155745609475098	0.01482375896931728	TRUE	FALSE	FALSE
ARHGAP40	1.5064992259658685	0.01482375896931728	TRUE	FALSE	FALSE
CYCSP10	-0.6299759619341782	0.01486892109071059	TRUE	FALSE	FALSE
DPYSL4	0.8816009443073746	0.01486892109071059	TRUE	FALSE	FALSE
TMEM132C	-0.6134857926254812	0.01494951657584477	TRUE	FALSE	FALSE
RHOT1	-0.14846492082174861	0.01504137412949726	TRUE	FALSE	FALSE
IRS1	-0.32514417260013856	0.01511808972254137	TRUE	FALSE	FALSE
CEPT1	-0.19669863575555796	0.01516938256471214	TRUE	FALSE	FALSE
PAX8	-0.7579573138744714	0.01520644659588816	TRUE	FALSE	FALSE
CEACAM20	0.9994927448015892	0.01529788575076378	TRUE	FALSE	FALSE
FDFT1	-0.20062851480866084	0.01553229953766302	TRUE	FALSE	FALSE
KIFBP	-0.21607581557223127	0.01553229953766302	TRUE	FALSE	FALSE
EIF2S3	-0.13664250663257924	0.01553229953766302	TRUE	FALSE	FALSE
OTX1	1.2236022490527718	0.01591836620617979	TRUE	FALSE	FALSE
LRRC3	-0.3575044230638631	0.01637075206964585	TRUE	FALSE	FALSE
DNAH9	-0.7093489292660302	0.01656412985440606	TRUE	FALSE	FALSE
SUCLG2	-0.16523160558666872	0.01687413407082242	TRUE	FALSE	FALSE
GRIK3	0.942123472271992	0.01711357597722087	TRUE	FALSE	FALSE
FGF14	0.668579142491653	0.01711357597722087	TRUE	FALSE	FALSE
NMRK2	-0.9300599118487038	0.01711357597722087	TRUE	FALSE	FALSE
LINC00922	1.0629362093816537	0.01747933934271708	TRUE	FALSE	FALSE
MMP23B	0.9427596496768568	0.01782937449912552	TRUE	FALSE	FALSE
ANKRD22	1.1257500620701597	0.01828340659411251	TRUE	FALSE	FALSE
ENSG00000286067	0.2969728647652266	0.01833982699373404	TRUE	FALSE	FALSE
ENSG00000236525	0.781275557520555	0.01865435339444085	TRUE	FALSE	FALSE
PLA2G12A	-0.17146208281487912	0.01865435339444085	TRUE	FALSE	FALSE
MAPK8IP3	0.21120087288442935	0.01865435339444085	TRUE	FALSE	FALSE
ENSG00000262202	1.2723596638527956	0.01865435339444085	TRUE	FALSE	FALSE
ENSG00000279806	1.6654017792880769	0.01865435339444085	TRUE	FALSE	FALSE
DUXAP8	0.7042392990177996	0.01865435339444085	TRUE	FALSE	FALSE
ENSG00000286527	-0.930623377535422	0.01867546930319806	TRUE	FALSE	FALSE
ZNF365	0.9567418062382612	0.01882848069798856	TRUE	FALSE	FALSE
RAB25	0.9668498600764328	0.01926099188331002	TRUE	FALSE	FALSE
ENSG00000231412	1.412202312964136	0.01926099188331002	TRUE	FALSE	FALSE
ENSG00000283031	-0.6243187976550556	0.01935770623393335	TRUE	FALSE	FALSE
GABRP	1.0007309051778082	0.01936601309757664	TRUE	FALSE	FALSE
MGAM	0.7618306201956381	0.01936601309757664	TRUE	FALSE	FALSE
TRHDE	-0.5162028267093408	0.01936601309757664	TRUE	FALSE	FALSE
ORMDL3	-0.5532258282206319	0.01936601309757664	TRUE	FALSE	FALSE
EDA2R	0.6132568401747577	0.01953470719202929	TRUE	FALSE	FALSE
ACAN	1.2426214696860425	0.0197697097507762	TRUE	FALSE	FALSE
NIPSNAP3B	-0.4405371119946436	0.02012786966220004	TRUE	FALSE	FALSE
MTHFD1	-0.4479424440093046	0.02012786966220004	TRUE	FALSE	FALSE
CPNE7	0.8302995038592621	0.02012786966220004	TRUE	FALSE	FALSE
KRT17	1.2069678674957964	0.02012786966220004	TRUE	FALSE	FALSE
PODNL1	0.7066811085867885	0.02018127695144433	TRUE	FALSE	FALSE
PLEKHS1	1.0148897798720544	0.02027428795778854	TRUE	FALSE	FALSE
ASB5	-1.2760162413618843	0.0203470217882068	TRUE	FALSE	FALSE
GLIS1	-0.5387747769237698	0.0211807350353747	TRUE	FALSE	FALSE
PAIP2B	-0.3266486553998065	0.0211807350353747	TRUE	FALSE	FALSE
RNF175	0.4625254505374709	0.0211807350353747	TRUE	FALSE	FALSE
F2RL2	1.077474061359597	0.02152328991221201	TRUE	FALSE	FALSE
ENSG00000236961	-1.1097968891570975	0.02152328991221201	TRUE	FALSE	FALSE
STEAP1B	0.5233052671961572	0.02152328991221201	TRUE	FALSE	FALSE
NUGGC	0.611677634661959	0.02152328991221201	TRUE	FALSE	FALSE
SRMS	0.7452682716215276	0.02152328991221201	TRUE	FALSE	FALSE
AQP7P4	-1.1263133628843085	0.02168562049533933	TRUE	FALSE	FALSE
PXN	0.2261928854163094	0.02168562049533933	TRUE	FALSE	FALSE
POU5F1	0.5618863435586552	0.02171107679079162	TRUE	FALSE	FALSE
PTPN3	-0.4068585947091985	0.02171107679079162	TRUE	FALSE	FALSE
UNC5B	0.5472640736652763	0.02171107679079162	TRUE	FALSE	FALSE
GCHFR	-0.4869932721069643	0.02171107679079162	TRUE	FALSE	FALSE
SNX1	-0.11269571297803474	0.02176577909947592	TRUE	FALSE	FALSE
MYO3B	0.9357329554688388	0.02239402576990434	TRUE	FALSE	FALSE
ENSG00000272622	-0.526363181526672	0.02239402576990434	TRUE	FALSE	FALSE
SAP30L-AS1	0.3041908991931349	0.02239402576990434	TRUE	FALSE	FALSE
ENSG00000261068	0.731626545948459	0.02248188170819604	TRUE	FALSE	FALSE
CLDN4	0.8159488107208649	0.02248188170819604	TRUE	FALSE	FALSE
HMGB3P7	1.1399787879226648	0.02248188170819604	TRUE	FALSE	FALSE
CKB	-0.476235548030843	0.02284223121543074	TRUE	FALSE	FALSE
LYPD6B	1.1477150726655756	0.0233926299767025	TRUE	FALSE	FALSE
OXCT1	-0.4044671427514008	0.0233926299767025	TRUE	FALSE	FALSE
ENSG00000232618	0.6780082395699761	0.0233926299767025	TRUE	FALSE	FALSE
ASH2L	-0.21421965057183504	0.0233926299767025	TRUE	FALSE	FALSE
EPB41L4B	-0.6429043808779009	0.0233926299767025	TRUE	FALSE	FALSE
PEX5	-0.3199577396095531	0.0233926299767025	TRUE	FALSE	FALSE
CD177	1.0007231483764951	0.0233926299767025	TRUE	FALSE	FALSE
LIPH	0.950867996508778	0.02340676312608832	TRUE	FALSE	FALSE
ZMAT3	0.2573076225136653	0.02345454820429566	TRUE	FALSE	FALSE
ENSG00000236498	0.481182990689569	0.02351758470681858	TRUE	FALSE	FALSE
PRR4	0.505119610879704	0.02351758470681858	TRUE	FALSE	FALSE
SEL1L2	-1.11941584072417	0.02354160350500537	TRUE	FALSE	FALSE
SORCS2	0.7689271948215763	0.02355547793855871	TRUE	FALSE	FALSE
TREX2	0.4747092592894275	0.02356566519484543	TRUE	FALSE	FALSE
EPS8L2	0.5851101830278413	0.02360576153797592	TRUE	FALSE	FALSE
ENSG00000273192	0.4529126868013196	0.0240955741412118	TRUE	FALSE	FALSE
TTC3	-0.24284015376271453	0.02468909189304317	TRUE	FALSE	FALSE
ITGB1	-0.2712593617166471	0.02506895631196159	TRUE	FALSE	FALSE
GDNF	0.9254958299740784	0.02510647400023399	TRUE	FALSE	FALSE
ENSG00000285581	0.9142674179906308	0.0257556202135045	TRUE	FALSE	FALSE
ENSG00000279569	0.430056465795664	0.0257556202135045	TRUE	FALSE	FALSE
LINC01048	1.3960803659232588	0.02578269631704955	TRUE	FALSE	FALSE
PCK2	-0.44889908876531287	0.02582117373552741	TRUE	FALSE	FALSE
ENSG00000270823	-0.9283817623876808	0.02589367728736997	TRUE	FALSE	FALSE
GRK7	0.7324301145384187	0.0260509840974693	TRUE	FALSE	FALSE
ENSG00000260166	1.2364656010176862	0.0260509840974693	TRUE	FALSE	FALSE
LMX1B	0.5027605975599128	0.02617443057456043	TRUE	FALSE	FALSE
GLDN	-0.7264392035723833	0.02620659941448237	TRUE	FALSE	FALSE
DDR1	-0.6211527392250987	0.02646760015537055	TRUE	FALSE	FALSE
ACVR1C	-0.6711944676246498	0.02655424652304469	TRUE	FALSE	FALSE
RNU4ATAC	0.8793061094272894	0.02739591067108965	TRUE	FALSE	FALSE
EMC3	-0.2556768093692444	0.02739591067108965	TRUE	FALSE	FALSE
TMEM184A	0.4904698563696497	0.02739591067108965	TRUE	FALSE	FALSE
ENSG00000228510	0.7876853558177571	0.02739591067108965	TRUE	FALSE	FALSE
ENSG00000285774	0.678617309372261	0.02739591067108965	TRUE	FALSE	FALSE
HAPLN3	0.4199921662175328	0.02739591067108965	TRUE	FALSE	FALSE
SEMA6B	0.40362420454267334	0.02739591067108965	TRUE	FALSE	TRUE
SNORC	0.7694507743785026	0.02740000447659084	TRUE	FALSE	FALSE
ESYT1	-0.47089356974966207	0.02740000447659084	TRUE	FALSE	FALSE
HAUS7	0.3338079690034908	0.02740000447659084	TRUE	FALSE	FALSE
SPATC1	0.5156058675199036	0.02782957386285116	TRUE	FALSE	FALSE
SCRN2	-0.34279266232195693	0.02782957386285116	TRUE	FALSE	FALSE
ENSG00000279036	0.810674654595111	0.02782957386285116	TRUE	FALSE	FALSE
SRRM3	0.3685313949245612	0.02819607222836489	TRUE	FALSE	FALSE
UGDH	0.5156099810260266	0.02821078334515808	TRUE	FALSE	FALSE
CCN4	0.9028237466363636	0.02821078334515808	TRUE	FALSE	FALSE
RPSAP52	0.9236635583767708	0.02821078334515808	TRUE	FALSE	FALSE
ENSG00000251161	0.4165506026034728	0.02821078334515808	TRUE	FALSE	FALSE
SLC39A11	-0.3836917780281787	0.02821078334515808	TRUE	FALSE	FALSE
ZNF750	0.8022502416474144	0.02821078334515808	TRUE	FALSE	FALSE
ANKLE1	0.33909012198330934	0.02821078334515808	TRUE	FALSE	FALSE
INHBA	0.8956185289349717	0.02826082931059468	TRUE	TRUE	FALSE
HADH	-0.4614994794130611	0.02826847209076309	TRUE	FALSE	FALSE
ERICH3	1.0230051425083275	0.02879096622395388	TRUE	FALSE	FALSE
XDH	1.22421374885124	0.02879096622395388	TRUE	FALSE	FALSE
PI15	-1.2607582815988234	0.02879096622395388	TRUE	FALSE	FALSE
GLUD2	-0.3583247824744086	0.02882452730181029	TRUE	FALSE	FALSE
FXR1	-0.1339461175287169	0.02887664523610498	TRUE	FALSE	FALSE
MEGF10	0.7210508789936197	0.02887664523610498	TRUE	FALSE	FALSE
ENSG00000205037	1.0008981767159555	0.02887664523610498	TRUE	FALSE	FALSE
ENSG00000272551	0.6483959645109674	0.02905320969948828	TRUE	FALSE	FALSE
AKNAD1	0.6073969301661818	0.02959906197091103	TRUE	FALSE	FALSE
PDPN	0.8200261898815444	0.02967623959624751	TRUE	FALSE	FALSE
ABHD15	-0.5070280212561475	0.02967623959624751	TRUE	FALSE	FALSE
SETBP1-DT	0.3673970959050471	0.02967623959624751	TRUE	FALSE	FALSE
FPR2	0.7748323705160919	0.02967623959624751	TRUE	FALSE	FALSE
ENSG00000228818	-0.6414088591790699	0.0298708852301655	TRUE	FALSE	FALSE
GHR	-0.5188359986016414	0.0298708852301655	TRUE	FALSE	FALSE
MMP3	1.4162890435993374	0.0298708852301655	TRUE	FALSE	FALSE
DPYS	1.1266146219122013	0.02994286790441253	TRUE	FALSE	FALSE
GTDC1	-0.1626466397909398	0.03011530003727259	TRUE	FALSE	FALSE
KRT24	0.8716458015934279	0.03011530003727259	TRUE	FALSE	FALSE
LGR4	-0.3798125077236463	0.03051104466366957	TRUE	FALSE	FALSE
GPR12	1.1875793008435536	0.03051104466366957	TRUE	FALSE	FALSE
ATP1A2	-0.6195087233290777	0.03057159049431059	TRUE	FALSE	FALSE
CAT	-0.37988647825379734	0.03057159049431059	TRUE	FALSE	FALSE
IGHV3-30	-1.3670903054237875	0.03057159049431059	TRUE	FALSE	FALSE
HBB	0.9176354875166416	0.03079081643205709	TRUE	FALSE	FALSE
RFLNA	0.9494856119979094	0.03079081643205709	TRUE	FALSE	FALSE
SEC14L2	0.4695012639476629	0.03079081643205709	TRUE	FALSE	FALSE
PWWP3B	-0.7427562243007291	0.03079184173936614	TRUE	FALSE	FALSE
TNFRSF10D	0.3223000742426987	0.03083459254523698	TRUE	FALSE	FALSE
ENSG00000262528	0.27358737144124273	0.03083459254523698	TRUE	FALSE	FALSE
NBAS	-0.14769746351686436	0.0311258823953394	TRUE	FALSE	FALSE
PEX19	-0.31969522291819463	0.03115673591394572	TRUE	FALSE	FALSE
C6orf132	0.5701460767169301	0.03115673591394572	TRUE	FALSE	FALSE
SLC25A23	-0.31567128846455766	0.03115673591394572	TRUE	FALSE	FALSE
CLDN14	0.9629606110528482	0.03119552367868702	TRUE	FALSE	FALSE
MAPT	-0.5576172618139943	0.03122067377886181	TRUE	FALSE	FALSE
YWHAH-AS1	0.47375886766589664	0.03149657063600213	TRUE	FALSE	FALSE
VAT1L	0.8483120683131278	0.03154172813923282	TRUE	FALSE	FALSE
MRPL45	-0.1489810313871779	0.03155901673742679	TRUE	FALSE	FALSE
COPG2IT1	-0.6577956299237256	0.03198753919717678	TRUE	FALSE	FALSE
CLMP	-0.42199542295874987	0.03200944079803727	TRUE	FALSE	FALSE
RNASE4	-0.29940926485399083	0.03200944079803727	TRUE	FALSE	FALSE
PDCD1	0.6151279692106526	0.03217466912607063	TRUE	FALSE	FALSE
RAB17	0.6749464241191053	0.03239593328375492	TRUE	FALSE	FALSE
FAM180A	0.644455932650825	0.03239593328375492	TRUE	FALSE	FALSE
TYK2	0.1503160640781983	0.03239593328375492	TRUE	FALSE	FALSE
ENSG00000280032	0.8531318276229469	0.03298199518335511	TRUE	FALSE	FALSE
LINC02766	-0.6298080937360256	0.03335173076768519	TRUE	FALSE	FALSE
PPP1R14C	0.8894772016014637	0.03335173076768519	TRUE	FALSE	FALSE
SLC25A37	0.27881513008405984	0.03335173076768519	TRUE	FALSE	FALSE
ENSG00000288943	1.0669812043828066	0.03335173076768519	TRUE	FALSE	FALSE
ELF3	0.8310263039570087	0.03349213855722459	TRUE	FALSE	FALSE
RXFP1	1.0298136827753832	0.03349213855722459	TRUE	FALSE	FALSE
MSLN	1.069812441487464	0.03354356759523452	TRUE	FALSE	FALSE
KIF21B	0.3609508156008282	0.03383468164987804	TRUE	FALSE	FALSE
ADIPOQ	-0.7237051041388467	0.03383468164987804	TRUE	FALSE	FALSE
THYN1	-0.19820038807602056	0.03383468164987804	TRUE	FALSE	FALSE
ENSG00000266709	0.6781947164349132	0.03383468164987804	TRUE	FALSE	FALSE
GCDH	-0.3505544975108299	0.03383468164987804	TRUE	FALSE	FALSE
ENSG00000289511	0.5032868868433531	0.03405621172668208	TRUE	FALSE	FALSE
ISM1	0.5213308459976942	0.03423652687269975	TRUE	FALSE	FALSE
HNF4G	0.8754668579069468	0.03438527361478584	TRUE	FALSE	FALSE
GNAI1	-0.3753857766351339	0.03487099474580112	TRUE	FALSE	FALSE
ENSG00000183889	0.6456379930196804	0.03488716416626254	TRUE	FALSE	FALSE
SMIM7	-0.1796531198942591	0.03501862032839349	TRUE	FALSE	FALSE
IARS2	-0.16269393663693182	0.03506478329602864	TRUE	FALSE	FALSE
YPEL5	-0.2774534463939388	0.03506478329602864	TRUE	FALSE	FALSE
MRPL35	-0.18751527428656128	0.03506478329602864	TRUE	FALSE	FALSE
MYOSLID	0.4088956152256346	0.03506478329602864	TRUE	FALSE	FALSE
TOMM70	-0.17039001928524475	0.03506478329602864	TRUE	FALSE	FALSE
ADH5	-0.22511437764327225	0.03506478329602864	TRUE	FALSE	FALSE
GLRB	-0.4759715054649682	0.03506478329602864	TRUE	FALSE	FALSE
ZFAND1	-0.14365021170544645	0.03506478329602864	TRUE	FALSE	FALSE
GPSM1	0.3217401331391673	0.03506478329602864	TRUE	FALSE	FALSE
RNLS	-0.2414325115111225	0.03506478329602864	TRUE	FALSE	FALSE
LAG3	0.4839157382363788	0.03506478329602864	TRUE	FALSE	FALSE
CIB2	-0.3295467370926593	0.03506478329602864	TRUE	FALSE	FALSE
FXYD3	0.7784243995690663	0.03506478329602864	TRUE	FALSE	FALSE
GFPT1	-0.32218374162798014	0.03511769816403235	TRUE	FALSE	FALSE
VWC2	0.8591950211295746	0.03511769816403235	TRUE	FALSE	FALSE
HDAC7	0.16978637737000488	0.03529552090913156	TRUE	FALSE	FALSE
PON1	0.8652411255260992	0.03545012377391689	TRUE	FALSE	FALSE
TMEM245	-0.22938494169005716	0.03545012377391689	TRUE	FALSE	FALSE
ENSG00000288924	0.2596356828982704	0.03545012377391689	TRUE	FALSE	FALSE
ENSG00000254340	0.5919810554476213	0.03576244733617506	TRUE	FALSE	FALSE
PRG2	0.6488287043511864	0.03611753916173478	TRUE	FALSE	FALSE
ANKRD53	-0.5955878553809817	0.03646889554319891	TRUE	FALSE	FALSE
GAL3ST2	1.1228850711213438	0.03646889554319891	TRUE	FALSE	FALSE
RTN3P1	-0.662973767332185	0.03646889554319891	TRUE	FALSE	FALSE
SLC44A3-AS1	0.42537729649766065	0.03648102253230928	TRUE	FALSE	FALSE
KRT8	0.5483155646870299	0.03654074610936696	TRUE	FALSE	FALSE
ZNF335	0.11769194273293886	0.03654074610936696	TRUE	FALSE	FALSE
TNFRSF10C	0.4242960682923734	0.03700919984689749	TRUE	FALSE	FALSE
GCH1	0.3887076160997586	0.03700919984689749	TRUE	FALSE	FALSE
APMAP	-0.3869295852876828	0.03700919984689749	TRUE	FALSE	FALSE
PYHIN1	0.5318509805816491	0.03724742652709178	TRUE	FALSE	FALSE
FNDC1	1.0747232822579995	0.03781379696608474	TRUE	FALSE	FALSE
KCNJ2	0.4594729148100115	0.03781379696608474	TRUE	FALSE	FALSE
VPS35	-0.12326056268649316	0.03815740951383438	TRUE	FALSE	FALSE
DHFR	-0.3823785775547838	0.03832158095174148	TRUE	FALSE	FALSE
MIR193BHG	-0.39477759549752495	0.03832158095174148	TRUE	FALSE	FALSE
HLCS	-0.20588746984625897	0.03832158095174148	TRUE	FALSE	FALSE
MIR34AHG	0.36893636099190297	0.03855988207314012	TRUE	FALSE	FALSE
ENSG00000223813	-0.7247812559740487	0.03860943638948875	TRUE	FALSE	FALSE
SRPX	-0.35240182498857275	0.03860943638948875	TRUE	FALSE	FALSE
ENSG00000227733	0.7546156828785888	0.03865386255132724	TRUE	FALSE	FALSE
NEMP2	-0.15459893593312882	0.03865386255132724	TRUE	FALSE	FALSE
KIF20A	-0.9163491834880644	0.03865386255132724	TRUE	FALSE	FALSE
TMEM120A	-0.35448520551988155	0.03865386255132724	TRUE	FALSE	FALSE
TFAP2A-AS1	1.0297362537337145	0.03872954363805972	TRUE	FALSE	FALSE
ENSG00000267069	-0.732254710744555	0.03872954363805972	TRUE	FALSE	FALSE
RNF150	-0.4373359101561218	0.03882457418550275	TRUE	FALSE	FALSE
TARID	0.6578946516227203	0.03882457418550275	TRUE	FALSE	FALSE
OXT	-0.725387891152612	0.03882457418550275	TRUE	FALSE	FALSE
RFC1	-0.0847569418452523	0.03898232356439812	TRUE	FALSE	FALSE
WSCD2	0.955413448812166	0.03904315450915446	TRUE	FALSE	FALSE
LINC01118	0.4981533849683272	0.03989501627825011	TRUE	FALSE	FALSE
FCRL6	0.5154627363852204	0.03993077251937114	TRUE	FALSE	FALSE
COA8	-0.22256343277231735	0.04006507422528357	TRUE	FALSE	FALSE
GABRE	-0.4461798820932588	0.04006507422528357	TRUE	FALSE	FALSE
CCPG1	-0.15407223505827797	0.04026466302116827	TRUE	FALSE	FALSE
SLC4A7	0.37769142934406846	0.04113622257909705	TRUE	FALSE	FALSE
NDUFB5	-0.22406631910795244	0.04113622257909705	TRUE	FALSE	FALSE
TMEM131L	-0.2808694259781665	0.04113622257909705	TRUE	FALSE	FALSE
ROBO3	0.37055908008704946	0.04113622257909705	TRUE	FALSE	FALSE
LRFN5	0.594785376389863	0.04113622257909705	TRUE	FALSE	FALSE
RAB6B	-0.4063335364980583	0.04142134306476065	TRUE	FALSE	FALSE
MATN2	-0.31851643659592205	0.04142134306476065	TRUE	FALSE	FALSE
IGF2-AS	0.5305475717974388	0.04142134306476065	TRUE	FALSE	FALSE
DTX1	-0.46744597068675986	0.04142134306476065	TRUE	FALSE	FALSE
CIDEA	-0.7186396126018879	0.04142134306476065	TRUE	FALSE	FALSE
MAP7D1	-0.287438296907126	0.04153349436058481	TRUE	FALSE	FALSE
ATP6V1H	-0.13874395620334204	0.04153349436058481	TRUE	FALSE	FALSE
PTENP1-AS	-0.6632756337791595	0.04153349436058481	TRUE	FALSE	FALSE
EIF4EBP2	-0.32832030063368683	0.04153349436058481	TRUE	FALSE	FALSE
PTPMT1	-0.19363908080285072	0.04153349436058481	TRUE	FALSE	FALSE
TSKU	-0.554847216575866	0.04153349436058481	TRUE	FALSE	FALSE
ASS1P2	0.4510072779175633	0.04237078843980169	TRUE	FALSE	FALSE
ZBTB4	-0.14281462858182953	0.04237078843980169	TRUE	FALSE	FALSE
MACIR	-0.4903298242687756	0.0424398235945129	TRUE	FALSE	FALSE
C5orf46	1.6306256830862738	0.0424398235945129	TRUE	FALSE	FALSE
FOXF2	0.3782303034879019	0.0424398235945129	TRUE	FALSE	FALSE
ITPR3	0.2379171480306021	0.0424398235945129	TRUE	FALSE	FALSE
ROS1	1.2924038718762714	0.0424398235945129	TRUE	FALSE	FALSE
LINC00265	0.23235001616003065	0.0424398235945129	TRUE	FALSE	FALSE
IFT22	-0.17590018986275582	0.0424398235945129	TRUE	FALSE	FALSE
PTN	0.8232216409801886	0.0424398235945129	TRUE	FALSE	FALSE
KDM7A-DT	0.543042107943089	0.0424398235945129	TRUE	FALSE	FALSE
RXRA	-0.29378606559681303	0.0424398235945129	TRUE	FALSE	FALSE
PARVA	-0.2536133879575912	0.0424398235945129	TRUE	FALSE	FALSE
BARX2	1.717743507512352	0.0424398235945129	TRUE	FALSE	FALSE
ENSG00000255836	-0.5271581278289522	0.0424398235945129	TRUE	FALSE	FALSE
PRR15L	1.2306182052454682	0.0424398235945129	TRUE	FALSE	FALSE
PSTPIP2	0.3051664224030925	0.0424398235945129	TRUE	FALSE	FALSE
ENSG00000267030	0.2740520986559411	0.0424398235945129	TRUE	FALSE	FALSE
FGGY-DT	0.4962749080988372	0.04290081675072945	TRUE	FALSE	FALSE
SPTBN1	-0.2521748878491946	0.04290081675072945	TRUE	FALSE	FALSE
TPBG	0.231093217531941	0.04290081675072945	TRUE	FALSE	FALSE
LUM	0.7462020454164284	0.04290081675072945	TRUE	FALSE	FALSE
UNK	0.1372034579901166	0.04290081675072945	TRUE	FALSE	FALSE
APOL6	-0.3671115106556675	0.04290081675072945	TRUE	FALSE	FALSE
PJA1	-0.27508193456597246	0.04290081675072945	TRUE	FALSE	FALSE
STOX1	-0.5977657043496076	0.04293484877634958	TRUE	FALSE	FALSE
ST13	-0.16475017808060577	0.04319142172898482	TRUE	FALSE	FALSE
GSDMB	-0.45272263782691385	0.04322764502732626	TRUE	FALSE	FALSE
TENM3	-0.4835260639370766	0.04354798281683907	TRUE	FALSE	FALSE
SH3KBP1	-0.2738358123809549	0.04354798281683907	TRUE	FALSE	FALSE
GPR135	-0.2592776656781129	0.04419925350961629	TRUE	FALSE	FALSE
ENSG00000285871	-0.9898734223767182	0.04432626801216753	TRUE	FALSE	FALSE
MDC1	0.13185598330795262	0.04442084366645019	TRUE	FALSE	FALSE
NMT2	-0.3865944105196116	0.04455313925972788	TRUE	FALSE	FALSE
TMEM230	-0.21185742022264445	0.04455313925972788	TRUE	FALSE	FALSE
BEX4	-0.20520207054393383	0.04510047375111427	TRUE	FALSE	FALSE
RPL36AP43	-0.4557514742553098	0.04533827779553778	TRUE	FALSE	FALSE
TTC6	1.3175758017444652	0.04546719812558076	TRUE	FALSE	FALSE
MOCOS	-0.554929053945742	0.04581242459522978	TRUE	FALSE	FALSE
LPCAT1	0.21417286245975808	0.0458724536821141	TRUE	FALSE	FALSE
ENSG00000256564	0.6844072275096591	0.0458724536821141	TRUE	FALSE	FALSE
ENSG00000288807	0.7081024865575718	0.0458724536821141	TRUE	FALSE	FALSE
HSD17B2	1.2601751971050517	0.04587826007892551	TRUE	TRUE	FALSE
ADCY5	-0.4494963213134611	0.04595744710651731	TRUE	FALSE	FALSE
LINC01586	-0.7543680732597167	0.04596121820313783	TRUE	FALSE	FALSE
ITPKB	-0.22563292934224496	0.04596409951290468	TRUE	FALSE	FALSE
ZNF385B	0.6011222457366436	0.04596409951290468	TRUE	FALSE	FALSE
CYP8B1	0.6252899206734538	0.04596409951290468	TRUE	FALSE	FALSE
MCTP2	0.3972280907096792	0.04596409951290468	TRUE	FALSE	FALSE
MRPL10	-0.1491303738515334	0.04596409951290468	TRUE	FALSE	FALSE
KIAA1549L	0.7347007095939437	0.04609130617486515	TRUE	FALSE	FALSE
GYG2	-0.606125526987763	0.04609130617486515	TRUE	FALSE	FALSE
CHMP3	-0.13031298152317924	0.04651430213282693	TRUE	FALSE	FALSE
ZNF518B	-0.2181933500978682	0.04651430213282693	TRUE	FALSE	FALSE
ENSG00000287564	0.6829487568408971	0.04651430213282693	TRUE	FALSE	FALSE
DBH-AS1	0.6823030207155021	0.04669758526664208	TRUE	FALSE	FALSE
PDE8B	-0.6112757405536593	0.04690287278575695	TRUE	FALSE	FALSE
CYP4F3	0.7892554175860879	0.04690287278575695	TRUE	FALSE	FALSE
CHP1	-0.22901496475191463	0.04692476406121562	TRUE	FALSE	FALSE
KYAT3	-0.2072446588260503	0.04699206100355065	TRUE	FALSE	FALSE
NRXN2	0.5363572626098285	0.04699206100355065	TRUE	FALSE	FALSE
ACSS3	-0.357388861997572	0.04699206100355065	TRUE	FALSE	FALSE
IL17D	0.4413569098327758	0.04699206100355065	TRUE	FALSE	FALSE
TNK1	0.36016001585585855	0.04699206100355065	TRUE	FALSE	FALSE
CCDC158	-0.4067142273359209	0.0470835803981206	TRUE	FALSE	FALSE
ENSG00000250132	-0.18519357152708377	0.047335491043392	TRUE	FALSE	FALSE
ZNF268	-0.19876061985729743	0.04734514118356796	TRUE	FALSE	FALSE
PGRMC1	-0.3616969554342833	0.04738836187899872	TRUE	FALSE	FALSE
PRSS53	0.293344698181234	0.0475470311523144	TRUE	FALSE	FALSE
MATN1-AS1	0.2755762313508216	0.04765349852006583	TRUE	FALSE	FALSE
FGF10	-0.36148804192589046	0.04765349852006583	TRUE	FALSE	FALSE
LMOD2	-0.8005498591205923	0.04765349852006583	TRUE	FALSE	FALSE
PDE7A	0.3077454221923851	0.04765349852006583	TRUE	FALSE	FALSE
ESD	-0.11358955389259529	0.04765349852006583	TRUE	FALSE	FALSE
ENSG00000279602	0.7159012235588056	0.04765349852006583	TRUE	FALSE	FALSE
ENSG00000263847	0.4169652738661579	0.04765349852006583	TRUE	FALSE	FALSE
RFX8	0.639468931838333	0.04766849895280182	TRUE	FALSE	FALSE
NFE2	0.6960767658279636	0.04767245991022594	TRUE	FALSE	FALSE
KCNK1	0.5517544299065638	0.04783557773972029	TRUE	FALSE	FALSE
GALNT5	1.07336664193897	0.04783557773972029	TRUE	FALSE	FALSE
NAP1L1	-0.24320614377927313	0.04783557773972029	TRUE	FALSE	FALSE
MSRB1	-0.28936999710710226	0.04783557773972029	TRUE	FALSE	FALSE
ENSG00000280302	-0.6297885055580064	0.04783557773972029	TRUE	FALSE	FALSE
KIR2DL4	0.6167465528696577	0.04783557773972029	TRUE	FALSE	FALSE
AMN	-0.7627447650218397	0.04788791661750579	TRUE	FALSE	FALSE
SH3D21	0.4077822193954083	0.04835943288543661	TRUE	FALSE	FALSE
SMOC2	0.46872680161071406	0.04835943288543661	TRUE	FALSE	FALSE
ASIP	0.6992775398382352	0.0486033023233583	TRUE	FALSE	FALSE
RMND1	-0.13260435387167133	0.04866223405786457	TRUE	FALSE	FALSE
AQP7P3	-0.9099183804943412	0.04868651443466162	TRUE	FALSE	FALSE
COL4A1	-0.3399414139032929	0.04868651443466162	TRUE	FALSE	FALSE
ZNF529	0.2138069635168377	0.04885477759834339	TRUE	FALSE	FALSE
RAP1GDS1	-0.14626210756354	0.04894860821445079	TRUE	FALSE	FALSE
IGFBP6	0.5640708682966739	0.04898086799395673	TRUE	FALSE	FALSE
ENSG00000267130	-0.5145145717358383	0.04951152105343021	TRUE	FALSE	FALSE
EEF1A1P11	-0.5308841092248028	0.05023957918071676	FALSE	FALSE	FALSE
PRDX6	-0.3953706570339896	0.05023957918071676	FALSE	FALSE	FALSE
POU3F3	0.7229312723420551	0.05023957918071676	FALSE	FALSE	FALSE
ENSG00000289560	-0.856575325273298	0.05023957918071676	FALSE	FALSE	FALSE
ENSG00000271239	-0.7281073973829468	0.05023957918071676	FALSE	FALSE	FALSE
RGS17	-0.4931945506294415	0.05040187409853991	FALSE	FALSE	FALSE
ENSG00000269902	1.1339958833212818	0.05059961472365705	FALSE	FALSE	FALSE
ENSG00000275894	0.7574079126146498	0.05068650823875367	FALSE	FALSE	FALSE
H2AC20	0.5646685916085373	0.05080996889974623	FALSE	FALSE	FALSE
NKAPL	-0.3604388251645077	0.05084208414462373	FALSE	FALSE	FALSE
DYNLT4	0.49619575842185626	0.05090902061673304	FALSE	FALSE	FALSE
FGF20	0.7845915237093561	0.05090902061673304	FALSE	FALSE	FALSE
TTC39C	-0.18314932756136457	0.05090902061673304	FALSE	FALSE	FALSE
ZBED3	-0.4320094762661008	0.05114613529439371	FALSE	FALSE	FALSE
ANO6	-0.19805618194228003	0.05141281992774318	FALSE	FALSE	FALSE
GLYCTK	-0.5509952178399428	0.05157639006786005	FALSE	FALSE	FALSE
SFPQ	0.16793175376891092	0.05195195202654501	FALSE	FALSE	FALSE
MARK1	-0.2223185107650424	0.05195195202654501	FALSE	FALSE	FALSE
NSA2	-0.1537084588009891	0.05195195202654501	FALSE	FALSE	FALSE
EGR1	0.7683217365774906	0.05195195202654501	FALSE	FALSE	FALSE
FCHSD1	0.26317946409786125	0.05195195202654501	FALSE	FALSE	FALSE
VIM	-0.1729358570777436	0.05195195202654501	FALSE	FALSE	FALSE
ACTG1P3	0.2946736528931359	0.05195195202654501	FALSE	FALSE	FALSE
ECMXP	0.8432368102945708	0.05195195202654501	FALSE	FALSE	FALSE
RTKN2	0.4966077287761016	0.05210273552094199	FALSE	FALSE	FALSE
CYP2W1	0.8763017879744133	0.0521154927873822	FALSE	FALSE	FALSE
LETMD1	-0.12805890343236018	0.0521154927873822	FALSE	FALSE	FALSE
RDH10	-0.3897799312873478	0.05232876431698431	FALSE	FALSE	FALSE
BCAS4	-0.6333480456223297	0.05233298641244865	FALSE	FALSE	FALSE
TULP1	0.5255621302876522	0.05258832010494681	FALSE	FALSE	FALSE
PIDD1	0.1773594399974183	0.05258832010494681	FALSE	FALSE	FALSE
ENSG00000267287	0.6973079502465279	0.05258832010494681	FALSE	FALSE	FALSE
PRICKLE2	-0.23087606147410664	0.05295296832225589	FALSE	FALSE	FALSE
JAKMIP2	-0.849161013529103	0.05295296832225589	FALSE	FALSE	FALSE
SLC13A4	0.4645428514689258	0.0532476317589738	FALSE	FALSE	FALSE
CCN1	0.561269056788505	0.05327597354531643	FALSE	FALSE	FALSE
GAS6	0.29143867788019806	0.05327597354531643	FALSE	FALSE	FALSE
MMP2	0.5387805901895059	0.05327597354531643	FALSE	FALSE	FALSE
AKAP17A	0.13089681050295626	0.05327597354531643	FALSE	FALSE	FALSE
FOXD2	0.538577909958564	0.05332806845046981	FALSE	FALSE	FALSE
ENSG00000289088	-0.6498679629703937	0.05353468769499106	FALSE	FALSE	FALSE
SRCIN1	-0.5943317435601748	0.05353468769499106	FALSE	FALSE	FALSE
MDFIC	-0.26042293104100467	0.05363961173466205	FALSE	FALSE	FALSE
APOA1	0.6386220799337253	0.05363961173466205	FALSE	FALSE	FALSE
SNX5	-0.14236386947911217	0.05363961173466205	FALSE	FALSE	FALSE
VSIG8	0.5623881344725149	0.05371134307396356	FALSE	FALSE	FALSE
CDS1	0.5701732047537121	0.05415192753369916	FALSE	FALSE	FALSE
CRTAC1	0.7887372689746311	0.0541813323156149	FALSE	FALSE	FALSE
ADAMTS15	-0.37663621968299815	0.05478428657593352	FALSE	FALSE	FALSE
ENSG00000285018	0.5634745489143326	0.05514110578958633	FALSE	FALSE	FALSE
METTL5	-0.1986122657540694	0.05564317359146245	FALSE	FALSE	FALSE
ACBD7	-0.5065377103940322	0.05590442827174125	FALSE	FALSE	FALSE
THBS1-IT1	0.6943419315349887	0.05594691621184855	FALSE	FALSE	FALSE
KCNK6	-0.3362945388756185	0.05594691621184855	FALSE	FALSE	FALSE
CLEC2B	0.32566463467842827	0.05602505574251277	FALSE	FALSE	FALSE
NEXN-AS1	0.3262551522933836	0.05602664632513635	FALSE	FALSE	FALSE
ENSG00000254398	0.3520669866433983	0.05602664632513635	FALSE	FALSE	FALSE
PNPLA3	-0.7466278071217678	0.05602664632513635	FALSE	FALSE	FALSE
ELF4	0.21280482232225437	0.05602664632513635	FALSE	FALSE	FALSE
PBLD	-0.2687781931946969	0.05622938239899074	FALSE	FALSE	FALSE
ENSG00000272836	0.2229982167968068	0.05622938239899074	FALSE	FALSE	FALSE
CKS1B	-0.20237707580579567	0.0563637584398645	FALSE	FALSE	FALSE
ALDH3B2	1.030016593488001	0.0563637584398645	FALSE	FALSE	FALSE
PCSK6	0.4922867307397832	0.0563637584398645	FALSE	FALSE	FALSE
ERI2	-0.21297913808952215	0.0563637584398645	FALSE	FALSE	FALSE
ARSD	-0.2796956481130408	0.0563637584398645	FALSE	FALSE	FALSE
UGP2	-0.2265770038306546	0.05638617770454095	FALSE	FALSE	FALSE
KERA	1.5479318301482394	0.05651992304818185	FALSE	FALSE	FALSE
ZHX1	-0.21036663735382305	0.05677594059469107	FALSE	FALSE	FALSE
GJB6	0.968810313640073	0.05695178529598466	FALSE	FALSE	FALSE
ENSG00000272872	0.648158627080184	0.05715494992485225	FALSE	FALSE	FALSE
COX6A2	-0.873512704512325	0.05716632527877595	FALSE	FALSE	FALSE
NEDD4L	-0.38415808529084655	0.05716632527877595	FALSE	FALSE	FALSE
CCN5	0.5028202993001031	0.05716632527877595	FALSE	FALSE	FALSE
SERPINE2	0.7738448664348146	0.05718040920846768	FALSE	FALSE	FALSE
ASS1	-0.32122946945841524	0.05718040920846768	FALSE	FALSE	FALSE
ENO2	0.5362511031909466	0.05718040920846768	FALSE	FALSE	FALSE
PMM1	-0.34457471985148014	0.05718040920846768	FALSE	FALSE	FALSE
HTATSF1	-0.11755068740222945	0.05718040920846768	FALSE	FALSE	FALSE
CLVS2	1.3353195174266914	0.05746401470455629	FALSE	FALSE	FALSE
LMO7	0.5116824474037934	0.05746401470455629	FALSE	FALSE	FALSE
EXOC3L4	0.5918537669013169	0.05746401470455629	FALSE	FALSE	FALSE
RHBDF1	0.1971155482547982	0.05783222555687002	FALSE	FALSE	FALSE
EMID1	0.4921863594586224	0.05784815073813941	FALSE	FALSE	FALSE
MRAS	-0.4139881244305123	0.0578658041471227	FALSE	FALSE	FALSE
PGD	-0.4001336509498252	0.05796875886871828	FALSE	FALSE	FALSE
ENSG00000233862	-0.4520430881464913	0.05796875886871828	FALSE	FALSE	FALSE
NXPE3	0.214170420694752	0.05809587790435154	FALSE	FALSE	FALSE
INSC	0.7727735627416458	0.05809587790435154	FALSE	FALSE	FALSE
TCTE1	0.6400409640289936	0.0583609764740419	FALSE	FALSE	FALSE
MYH14	-0.5502477200032431	0.0583609764740419	FALSE	FALSE	FALSE
DGKZP1	-0.3771055455445269	0.0585445423311897	FALSE	FALSE	FALSE
CBY1	-0.1335753311638146	0.05880084282123115	FALSE	FALSE	FALSE
FGF16	0.8614148322696241	0.0588295036808315	FALSE	FALSE	FALSE
ERAP1	-0.21394196799535217	0.05931293573450438	FALSE	FALSE	FALSE
ATXN7L2	0.19169422564370983	0.05934740636075722	FALSE	FALSE	FALSE
MTURN	-0.3023161540022937	0.05955484030354274	FALSE	FALSE	FALSE
ATP11A	0.18555885134469255	0.05955484030354274	FALSE	FALSE	FALSE
LINC01616	-1.0504085387440565	0.05973648345264862	FALSE	FALSE	FALSE
ARL6IP1	-0.23201321075320364	0.06012041533431672	FALSE	FALSE	FALSE
CDC20	-0.6650986255193067	0.06013468504396051	FALSE	FALSE	FALSE
MYCN	0.8111818613656651	0.06014402572960872	FALSE	FALSE	FALSE
RMND5A	-0.2325246870023419	0.06030720262982564	FALSE	FALSE	FALSE
IDUA	0.19991890514499308	0.06039994179847849	FALSE	FALSE	FALSE
STBD1	-0.4618926832866953	0.06039994179847849	FALSE	FALSE	FALSE
HADHA	-0.15222182891843075	0.06047296000478251	FALSE	FALSE	FALSE
HERPUD2-AS1	-0.1461142084428109	0.06110900778255378	FALSE	FALSE	FALSE
PTGIR	0.5776974469219482	0.061134678633263	FALSE	FALSE	FALSE
RPL3P7	-0.5027316410050003	0.06115299701704166	FALSE	FALSE	FALSE
LINC00963	0.23637273794750233	0.06115299701704166	FALSE	FALSE	FALSE
SPRN	0.4529913806163513	0.06115299701704166	FALSE	FALSE	FALSE
PKP3	0.5598313923880583	0.06115299701704166	FALSE	FALSE	FALSE
FERMT2	-0.17731877347824845	0.06115299701704166	FALSE	FALSE	FALSE
CDH11	0.4968346359362823	0.06115299701704166	FALSE	FALSE	FALSE
RTP5	0.7509072072150155	0.06137091705475134	FALSE	FALSE	FALSE
HSDL2	-0.2788635425597752	0.06137091705475134	FALSE	FALSE	FALSE
NET1	-0.32479512525891446	0.06137091705475134	FALSE	FALSE	FALSE
ENSG00000287110	0.3114310823652044	0.06138704552931787	FALSE	FALSE	FALSE
ENSG00000270021	-0.3602917415775735	0.06186966678339348	FALSE	FALSE	FALSE
ATP9A	-0.3380651575425146	0.06186966678339348	FALSE	FALSE	FALSE
DONSON	0.2021731950475452	0.06186966678339348	FALSE	FALSE	FALSE
ITSN1	-0.31804332414375763	0.06186966678339348	FALSE	FALSE	FALSE
COL10A1	0.9073920247269356	0.06187871268417243	FALSE	FALSE	FALSE
ENSG00000289384	0.6264282949505097	0.06187871268417243	FALSE	FALSE	FALSE
LINC01220	-0.5311625059827745	0.06187871268417243	FALSE	FALSE	FALSE
PTK6	0.4403912560112821	0.06189557340767079	FALSE	FALSE	FALSE
ENSG00000289217	-0.7324413663805887	0.06195453799362493	FALSE	FALSE	FALSE
AOC3	-0.3765226961255258	0.06198009519995177	FALSE	FALSE	FALSE
ENSG00000279127	0.6799055904539536	0.06200175711369798	FALSE	FALSE	FALSE
ARFGAP1	0.18528077782665367	0.06200175711369798	FALSE	FALSE	FALSE
OVOL1	0.8571203915054417	0.0620681709424207	FALSE	FALSE	FALSE
UNC5A	0.8777954611144234	0.06212978768204195	FALSE	FALSE	FALSE
NT5DC1	-0.15277938801433788	0.06220947431777208	FALSE	FALSE	FALSE
SH2D5	0.76112820023155	0.06230693704958617	FALSE	FALSE	FALSE
NIPSNAP3A	-0.18890743711179353	0.06269355647895271	FALSE	FALSE	FALSE
DCHS1	0.22860064441406572	0.06269355647895271	FALSE	FALSE	FALSE
CCDC91	-0.19106713017888724	0.06269355647895271	FALSE	FALSE	FALSE
MYO19	0.17457976337690082	0.06269355647895271	FALSE	FALSE	FALSE
DCHS2	0.6581039852224967	0.06294871418608293	FALSE	FALSE	FALSE
AGAP7P	1.1249611505769486	0.06294871418608293	FALSE	FALSE	FALSE
SIK2	-0.30894599149566937	0.06294871418608293	FALSE	FALSE	FALSE
GNB3	0.4602989169213837	0.06294871418608293	FALSE	FALSE	FALSE
KRT7	0.7471280166921129	0.06294871418608293	FALSE	FALSE	FALSE
HMGA2	0.794993834085533	0.06294871418608293	FALSE	FALSE	FALSE
FGF9	0.7511249450372534	0.06294871418608293	FALSE	FALSE	FALSE
ENSG00000278071	0.6270436684019366	0.06294871418608293	FALSE	FALSE	FALSE
EPB41	-0.20343322653983373	0.06305385969753638	FALSE	FALSE	FALSE
LAMC3	0.6907742926479769	0.06305385969753638	FALSE	FALSE	FALSE
ENSG00000280152	0.35434970261091453	0.06328867957795596	FALSE	FALSE	FALSE
PPP2R5A	-0.18754190176284324	0.06348181858880861	FALSE	FALSE	FALSE
TENM3-AS1	-0.53305555524007	0.06348181858880861	FALSE	FALSE	FALSE
ENSG00000286319	0.46651800021379985	0.06348181858880861	FALSE	FALSE	FALSE
ENSG00000274038	0.5897596254904551	0.06348181858880861	FALSE	FALSE	FALSE
HM13-IT1	0.3835041127311503	0.06348181858880861	FALSE	FALSE	FALSE
CD99L2	-0.25988740208337796	0.06348181858880861	FALSE	FALSE	FALSE
CAMK1	-0.26069040328201987	0.06403763528431747	FALSE	FALSE	FALSE
GPD1L	-0.3857826964225622	0.06403763528431747	FALSE	FALSE	FALSE
TM4SF1	0.42122959428511464	0.06403763528431747	FALSE	FALSE	FALSE
MYOZ3	0.5214535829644961	0.06403763528431747	FALSE	FALSE	FALSE
ANXA13	1.3042953601977487	0.06403763528431747	FALSE	FALSE	FALSE
KCNA6	0.5731211864019145	0.06403763528431747	FALSE	FALSE	FALSE
PCBP2-OT1	0.4167504367875059	0.06403763528431747	FALSE	FALSE	FALSE
RMDN3	-0.25155409072628077	0.06403763528431747	FALSE	FALSE	FALSE
CSPG4	-0.34412615133633956	0.06403763528431747	FALSE	FALSE	FALSE
DOC2B	0.3170419511964943	0.06403763528431747	FALSE	FALSE	FALSE
ALOX12P2	0.5129545801427219	0.06403763528431747	FALSE	FALSE	FALSE
MLX	-0.19249786459115464	0.06403763528431747	FALSE	FALSE	FALSE
ANLN	-0.6825512013248277	0.06422848871696082	FALSE	FALSE	FALSE
DOT1L	0.19403604188185888	0.06425968749271391	FALSE	FALSE	FALSE
MYO1C	-0.2918932672656986	0.06428324341286339	FALSE	FALSE	FALSE
TPK1	0.1866392786462912	0.0643008410790521	FALSE	FALSE	FALSE
KRT72	0.8507137064551152	0.0643008410790521	FALSE	FALSE	FALSE
FZD1	0.32905709099423736	0.06442991547034134	FALSE	FALSE	FALSE
ENSG00000226849	0.17730898212213828	0.06477731575123197	FALSE	FALSE	FALSE
ACOT12	0.7086186008083234	0.06477731575123197	FALSE	FALSE	FALSE
ENSG00000255310	-0.2898446829978867	0.06477731575123197	FALSE	FALSE	FALSE
RAD51C	-0.1275793650040504	0.06477731575123197	FALSE	FALSE	FALSE
GP6	0.6032100118323603	0.06477731575123197	FALSE	FALSE	FALSE
FTLP3	-0.4094075336706562	0.06477731575123197	FALSE	FALSE	FALSE
NRIP1	-0.30360998585915433	0.06477731575123197	FALSE	FALSE	FALSE
C22orf39	-0.12829339298940484	0.06477731575123197	FALSE	FALSE	FALSE
C3orf80	0.50898088188955	0.06484040165222411	FALSE	FALSE	FALSE
LINC00200	-1.2082129157614838	0.06493720615631089	FALSE	FALSE	FALSE
TLCD3A	0.3021916631731489	0.06493720615631089	FALSE	FALSE	FALSE
RPL3L	-0.6973090352670503	0.06507601131826618	FALSE	FALSE	FALSE
PCOLCE-AS1	0.4608037209698011	0.06576537213617592	FALSE	FALSE	FALSE
ENSG00000274447	-0.6840401088932317	0.06576537213617592	FALSE	FALSE	FALSE
KIF16B	-0.12822222893485632	0.06576537213617592	FALSE	FALSE	FALSE
ENSG00000273300	0.2465565948433097	0.06576537213617592	FALSE	FALSE	FALSE
COLCA2	0.4633821562407656	0.066218002419951	FALSE	FALSE	FALSE
ENSG00000254366	0.902904246942299	0.06624677329451453	FALSE	FALSE	FALSE
IGHD	-1.099002609575644	0.06639605000229698	FALSE	FALSE	FALSE
PSMD4	-0.1174833174542053	0.06646330624644055	FALSE	FALSE	FALSE
ADAMTS3	0.363885214699691	0.06646330624644055	FALSE	FALSE	FALSE
SLC44A4	0.5471805048382768	0.06646330624644055	FALSE	FALSE	FALSE
RPS2P32	-0.3675861804762617	0.06646330624644055	FALSE	FALSE	FALSE
ALDH6A1	-0.36772002896554473	0.06649319259143631	FALSE	FALSE	FALSE
LTA4H	-0.15566595624865298	0.06681343167503327	FALSE	FALSE	FALSE
PLIN1	-0.5463700315943084	0.06681343167503327	FALSE	FALSE	FALSE
SDF2L1	0.3875871296175837	0.06688818238997105	FALSE	FALSE	FALSE
MID2	-0.13763733441526468	0.06688818238997105	FALSE	FALSE	FALSE
ENSG00000231982	-0.6332926540143154	0.06692293120847355	FALSE	FALSE	FALSE
PXMP2	-0.3781720995775753	0.06692293120847355	FALSE	FALSE	FALSE
FJX1	0.45348182249268754	0.06697085944707125	FALSE	FALSE	FALSE
ABHD5	-0.4641654914269305	0.06705025739150472	FALSE	FALSE	FALSE
HERC2P9	0.28427761268165197	0.06705025739150472	FALSE	FALSE	FALSE
FN1	0.5051405409016051	0.06714504077419409	FALSE	FALSE	FALSE
PCDHB7	0.3140036700068241	0.06714504077419409	FALSE	FALSE	FALSE
DYNC1I2	-0.1059805843706568	0.06735258047517666	FALSE	FALSE	FALSE
SMIM5	0.4707017490260261	0.06735258047517666	FALSE	FALSE	FALSE
PTK7	0.447120817647838	0.06738623417036242	FALSE	FALSE	FALSE
C1QTNF1	-0.4431564745735907	0.06738623417036242	FALSE	FALSE	FALSE
CXCL17	1.159442456639698	0.06786307046795775	FALSE	FALSE	FALSE
MTCO3P12	-0.49467860536303304	0.0679851025658112	FALSE	FALSE	FALSE
RPRM	-0.721657057476072	0.0679851025658112	FALSE	FALSE	FALSE
LIMK1	0.3056412168448	0.0679851025658112	FALSE	FALSE	FALSE
ENSG00000213994	-0.6092378440342296	0.0679851025658112	FALSE	FALSE	FALSE
SNX29P1	0.40099556304447664	0.0679851025658112	FALSE	FALSE	FALSE
ENSG00000224272	0.8050128854985024	0.06807979012437329	FALSE	FALSE	FALSE
FGFR4	0.4921059025352428	0.06807979012437329	FALSE	FALSE	FALSE
ENSG00000279573	0.49655114714557314	0.06807979012437329	FALSE	FALSE	FALSE
IL1RL1	0.796466056719266	0.06838708030121979	FALSE	FALSE	FALSE
ADH5P4	-0.4890598862126607	0.06838708030121979	FALSE	FALSE	FALSE
ARHGEF10	0.16365957278362808	0.06838708030121979	FALSE	FALSE	FALSE
KRTCAP3	0.3379405558073354	0.06873446261299164	FALSE	FALSE	FALSE
PNPLA1	0.49162352687140376	0.06873446261299164	FALSE	FALSE	FALSE
MAP3K4-AS1	0.4285624565218696	0.06873446261299164	FALSE	FALSE	FALSE
TMEM254	-0.2198232758657982	0.06873446261299164	FALSE	FALSE	FALSE
PCCA	-0.2690950154829345	0.06873446261299164	FALSE	FALSE	FALSE
GPHN	-0.17020224496605443	0.06873446261299164	FALSE	FALSE	FALSE
FBXL5	-0.18592221593161223	0.06874773264008029	FALSE	FALSE	FALSE
TOP2A	-0.718991691216412	0.06874773264008029	FALSE	FALSE	FALSE
KCNJ12	0.4807274494555085	0.06878311393261502	FALSE	FALSE	FALSE
HROB	-0.34073451458972503	0.06878311393261502	FALSE	FALSE	FALSE
ABHD14B	-0.18521512440206625	0.0689408930316674	FALSE	FALSE	FALSE
DDX43P1	-1.0531155027598746	0.0689408930316674	FALSE	FALSE	FALSE
FOXA1	0.8964722132144766	0.0689408930316674	FALSE	FALSE	FALSE
LNCTAM34A	0.4038975924742157	0.0690216649345583	FALSE	FALSE	FALSE
TMEM164	-0.34127360835717147	0.06907825672479784	FALSE	FALSE	FALSE
GNPAT	-0.12240439125909763	0.06931068769628006	FALSE	FALSE	FALSE
RPRML	0.9226972046404344	0.06941918043900726	FALSE	FALSE	FALSE
ENSG00000286760	-0.3085160852774991	0.06946849699985465	FALSE	FALSE	FALSE
ZDHHC4	-0.19015070339000764	0.06946849699985465	FALSE	FALSE	FALSE
GPRC5A	0.722536310633598	0.06946849699985465	FALSE	FALSE	FALSE
DCAF5	-0.08109170629182791	0.06946849699985465	FALSE	FALSE	FALSE
KRT16	1.1079276383461416	0.06946849699985465	FALSE	FALSE	FALSE
KLK11	1.0066967243252152	0.06946849699985465	FALSE	FALSE	FALSE
TMEM169	-0.46801689290798704	0.06956442241518807	FALSE	FALSE	FALSE
PTX3	1.0519906538275237	0.06956442241518807	FALSE	FALSE	FALSE
SGCZ	1.145334525980065	0.06956442241518807	FALSE	FALSE	FALSE
FAM219B	-0.188109180157047	0.06956442241518807	FALSE	FALSE	FALSE
ENSG00000230479	0.520362633209688	0.06956442241518807	FALSE	FALSE	FALSE
PPP1R14A	-0.4816007331465727	0.0696428086444808	FALSE	FALSE	FALSE
COX6A1P2	-0.37072214815752114	0.06984220343536915	FALSE	FALSE	FALSE
TMEM14C	-0.1256339115183757	0.06995831636361496	FALSE	FALSE	FALSE
SLC24A3	-0.4136491749964465	0.06995831636361496	FALSE	FALSE	FALSE
EPHA10	0.6608115842221638	0.07001007257390107	FALSE	FALSE	FALSE
C11orf1	-0.18808106091970384	0.07013333333079455	FALSE	FALSE	FALSE
HNMT	-0.23852572537047131	0.07024600350802652	FALSE	FALSE	FALSE
ENSG00000273783	-0.3300053979616402	0.07026465066063287	FALSE	FALSE	FALSE
ANKEF1	-0.3997532469563652	0.07026465066063287	FALSE	FALSE	FALSE
CCDC120	0.18906197285090837	0.07026465066063287	FALSE	FALSE	FALSE
PPBP	1.0559113751074665	0.07033992810899395	FALSE	FALSE	FALSE
HOMER3-AS1	0.4859246348455459	0.07038622768432504	FALSE	FALSE	FALSE
SNAPIN	-0.12246207070332354	0.07040313472204315	FALSE	FALSE	FALSE
KCTD2	-0.16350433817682605	0.07064793397194515	FALSE	FALSE	FALSE
MAP3K14	0.1839386238647556	0.07074072606925069	FALSE	FALSE	FALSE
ECHDC3	-0.5951226603654632	0.0707575792677509	FALSE	FALSE	FALSE
LOXL1	0.5773793063602939	0.0707575792677509	FALSE	FALSE	FALSE
CSDE1	-0.1935925207262092	0.07108087884913945	FALSE	FALSE	FALSE
RPL37P12	0.4046476451587788	0.07108087884913945	FALSE	FALSE	FALSE
ENSG00000272588	0.33963820090478564	0.07108087884913945	FALSE	FALSE	FALSE
DKK2	0.5642687874464196	0.07108087884913945	FALSE	FALSE	FALSE
ENSG00000248491	1.1109292234360737	0.07108087884913945	FALSE	FALSE	FALSE
NHSL1	0.27976904429863864	0.07108087884913945	FALSE	FALSE	FALSE
GTF2I	-0.2031870677321707	0.07108087884913945	FALSE	FALSE	FALSE
DHTKD1	-0.23921043192624455	0.07108087884913945	FALSE	FALSE	FALSE
ENSG00000232110	0.4909951387340721	0.07108087884913945	FALSE	FALSE	FALSE
GALNT18	0.3700723930813774	0.07108087884913945	FALSE	FALSE	FALSE
SNHG29	-0.2074542530129017	0.07108087884913945	FALSE	FALSE	FALSE
CD22	-0.5081213658758722	0.07108087884913945	FALSE	FALSE	FALSE
LINC01358	0.47854742624591506	0.07110293245043263	FALSE	FALSE	FALSE
WTAPP1	1.0546823726386017	0.07110293245043263	FALSE	FALSE	FALSE
SLC6A14	1.799599697144668	0.07110293245043263	FALSE	FALSE	FALSE
SLC19A3	-0.5715398607324433	0.07120882197774839	FALSE	FALSE	FALSE
KCNIP1	0.7810609258165662	0.07120882197774839	FALSE	FALSE	FALSE
SLC43A3	0.3567076138688927	0.07120882197774839	FALSE	FALSE	FALSE
HYLS1	-0.19689388831424745	0.07120882197774839	FALSE	FALSE	FALSE
ITGBL1	0.5776710371213344	0.07120882197774839	FALSE	FALSE	FALSE
KRT16P6	0.835460000685256	0.07120882197774839	FALSE	FALSE	FALSE
LINC00667	-0.15408579980041645	0.07146360592472902	FALSE	FALSE	FALSE
MTARC1	-0.6074286640242732	0.07165669297968649	FALSE	FALSE	FALSE
FAM240C	-0.9432034575611576	0.07165669297968649	FALSE	FALSE	FALSE
SOX15	0.395355227281286	0.07221308520546996	FALSE	FALSE	FALSE
SCAMP5	0.4125651117327378	0.07223684324145854	FALSE	FALSE	FALSE
EPHX2	-0.33802590833903984	0.07227403297696457	FALSE	FALSE	FALSE
PTPRF	-0.4454927023285075	0.07233102877999432	FALSE	FALSE	FALSE
PCDHB4	0.24337728008794116	0.07248337176983197	FALSE	FALSE	FALSE
ENSG00000259530	1.0507649409557298	0.07248337176983197	FALSE	FALSE	FALSE
ENSG00000277476	0.2196357082561805	0.07250793468760786	FALSE	FALSE	FALSE
C7orf25	-0.17709917127878755	0.072664267381575	FALSE	FALSE	FALSE
CYB5A	-0.39220772725818587	0.072664267381575	FALSE	FALSE	FALSE
RNF17	-1.8648674028270795	0.07277098735488101	FALSE	FALSE	FALSE
ENSG00000231616	0.4270994708840514	0.07279287206797017	FALSE	FALSE	FALSE
CALML5	0.996219503540058	0.07313732533064464	FALSE	FALSE	FALSE
FUOM	-0.25805068048518914	0.07316042367648368	FALSE	FALSE	FALSE
ENSG00000270513	-0.6583135820773423	0.07333351974940813	FALSE	FALSE	FALSE
SAMM50	-0.18832289844073927	0.0733484077728956	FALSE	FALSE	FALSE
BAG4	-0.2747018186251135	0.0733875787550143	FALSE	FALSE	FALSE
FRMD4A	-0.24538085182251737	0.0733875787550143	FALSE	FALSE	FALSE
GALNT12	0.499122866620171	0.07368535091543492	FALSE	FALSE	FALSE
ENSG00000227959	0.3748064567682553	0.07389968628900213	FALSE	FALSE	FALSE
TIAM1	0.35127140654664324	0.07389968628900213	FALSE	FALSE	FALSE
DRG1	-0.1598148981829165	0.07389968628900213	FALSE	FALSE	FALSE
PCLAF	-0.7873704861215339	0.0739673110880025	FALSE	FALSE	FALSE
ACSS1	0.22761983369885996	0.0739673110880025	FALSE	FALSE	FALSE
MRPS14	-0.1140575866535146	0.07403292600142941	FALSE	FALSE	FALSE
LONRF2	-0.4360424306108486	0.07403292600142941	FALSE	FALSE	FALSE
FBXO25	-0.11826299319495157	0.07403292600142941	FALSE	FALSE	FALSE
PTPRD	0.4469277600945199	0.07403292600142941	FALSE	FALSE	FALSE
KRT86	0.8217012738272459	0.07403292600142941	FALSE	FALSE	FALSE
TRAF4	0.2627516977491763	0.07403292600142941	FALSE	FALSE	FALSE
ENSG00000273442	0.5240584690658932	0.07403292600142941	FALSE	FALSE	FALSE
ALAS2	0.8730238246156443	0.07403292600142941	FALSE	FALSE	FALSE
ASPM	-0.6966939511006706	0.07418715357611783	FALSE	FALSE	FALSE
GNAL	-0.210686060203814	0.07418715357611783	FALSE	FALSE	FALSE
SERPINB2	0.9029245428013845	0.07418715357611783	FALSE	FALSE	FALSE
ZDHHC19	0.762243591791129	0.0742134675545355	FALSE	FALSE	FALSE
FBXO9	-0.15612993283956164	0.0742134675545355	FALSE	FALSE	FALSE
ENSG00000255031	0.2939229592144058	0.0742134675545355	FALSE	FALSE	FALSE
COL4A2	-0.25139982273327705	0.07427194134833963	FALSE	FALSE	FALSE
RAB11B-AS1	-0.3285865634628887	0.07427194134833963	FALSE	FALSE	FALSE
PCDHGC3	0.28455848168286413	0.07428749298066	FALSE	FALSE	FALSE
TNFRSF10B	0.26231976864292855	0.07460563669307041	FALSE	FALSE	FALSE
MAP9	-0.21987163458008868	0.0746229040043157	FALSE	FALSE	FALSE
NPR1	-0.2980288672783376	0.07469101359060158	FALSE	FALSE	FALSE
ATPAF1	-0.20857225729300877	0.07524173717652152	FALSE	FALSE	FALSE
NDUFA4	-0.19741168273362988	0.07529677738614123	FALSE	FALSE	FALSE
CRY2	-0.20900552693072297	0.07537287372041973	FALSE	FALSE	FALSE
ENSG00000286863	0.5242194936537584	0.0755397693214664	FALSE	FALSE	FALSE
H2AC21	0.7318258870078259	0.07599114982825347	FALSE	FALSE	FALSE
FUCA1P1	0.6049748165394192	0.07599114982825347	FALSE	FALSE	FALSE
SEPTIN7P3	-0.7233660824059391	0.07599114982825347	FALSE	FALSE	FALSE
KIF11	-0.3905349967751161	0.07599114982825347	FALSE	FALSE	FALSE
CMKLR2	0.7869188829823407	0.07608658776367815	FALSE	FALSE	FALSE
SPHK1	0.4124812449381732	0.07608658776367815	FALSE	FALSE	FALSE
HSPA5	0.4021385907008168	0.07621691627858171	FALSE	FALSE	FALSE
AVP	-0.676928797595494	0.07621691627858171	FALSE	FALSE	FALSE
KLF14	-0.4570057524535955	0.07628032820905815	FALSE	FALSE	FALSE
PCDHGA10	0.22562540926604252	0.07630670796781074	FALSE	FALSE	FALSE
CA9	0.809438501955714	0.07630670796781074	FALSE	FALSE	FALSE
STAT5A	-0.35362503767913006	0.07641067440193512	FALSE	FALSE	FALSE
TGFB3	0.5029702858147992	0.07647021563462436	FALSE	FALSE	FALSE
PXDN	-0.2565465696731405	0.07653722826708778	FALSE	FALSE	FALSE
ENSG00000276216	0.976643655410262	0.07676058209526353	FALSE	FALSE	FALSE
DNAJC19	-0.1174632430423218	0.07676058209526353	FALSE	FALSE	FALSE
LRRC1	0.2990521329923217	0.07676058209526353	FALSE	FALSE	FALSE
RTN1	-0.4316018145147617	0.07676058209526353	FALSE	FALSE	FALSE
GGCT	-0.524577271965641	0.0768791866610996	FALSE	FALSE	FALSE
JAGN1	-0.2261792545979978	0.07699405147299121	FALSE	FALSE	FALSE
MEG3	0.3754031098572029	0.07699405147299121	FALSE	FALSE	FALSE
BMP7	0.7943535520895464	0.07699405147299121	FALSE	FALSE	FALSE
SOD1	-0.1834115370954528	0.07699405147299121	FALSE	FALSE	FALSE
INSRR	0.7875378644447047	0.07707552553815962	FALSE	FALSE	FALSE
FAIM	-0.23464678218004945	0.07715336555291571	FALSE	FALSE	FALSE
SMURF2	0.17461450297368653	0.07739244455912878	FALSE	FALSE	FALSE
ATP2B3	0.5768558547549197	0.07769303269639848	FALSE	FALSE	FALSE
LINC01133	0.6085711258864797	0.0777760431607363	FALSE	FALSE	FALSE
IMPACT	-0.14306555506265922	0.07784902025941853	FALSE	FALSE	FALSE
RPP25L	-0.19516542541593465	0.0784645491000148	FALSE	FALSE	FALSE
TFAP2E	0.29203858177982805	0.07856600151840548	FALSE	FALSE	FALSE
TNFSF18	0.6317562545767275	0.07856600151840548	FALSE	FALSE	FALSE
GPR173	0.39852823180643665	0.07856600151840548	FALSE	FALSE	FALSE
SUOX	-0.2590467730092414	0.07872546601568516	FALSE	FALSE	FALSE
ATAD3B	0.1854050340668134	0.0788122611039915	FALSE	FALSE	FALSE
ZNF841	0.1653748221626688	0.07894180287531882	FALSE	FALSE	FALSE
ENSG00000206567	-0.43663673031962513	0.0791691301028709	FALSE	FALSE	FALSE
CCDC149	0.14831068804012745	0.07934537414803859	FALSE	FALSE	FALSE
IPCEF1	0.31873770627789255	0.07934537414803859	FALSE	FALSE	FALSE
LMO7-AS1	0.42024321672668663	0.07934537414803859	FALSE	FALSE	FALSE
PDP2	-0.3603166702660221	0.07934537414803859	FALSE	FALSE	FALSE
MYO15B	0.1804611122329692	0.07934537414803859	FALSE	FALSE	FALSE
ANKRD33	0.7739823656572788	0.07934611913434353	FALSE	FALSE	FALSE
BMX	0.3929533537763556	0.07934611913434353	FALSE	FALSE	FALSE
POFUT2	0.15201090586795235	0.07945001431446212	FALSE	FALSE	FALSE
PLXNB3	-0.4833172442706962	0.07972378728735244	FALSE	FALSE	FALSE
VTI1B	-0.23417060984578728	0.07975826711566453	FALSE	FALSE	FALSE
PDGFRL	0.46696483912766745	0.08017061180167112	FALSE	FALSE	FALSE
HINT3	-0.13371898633222437	0.08022716818128993	FALSE	FALSE	FALSE
PXYLP1	0.2391011064630161	0.08058740598561248	FALSE	FALSE	FALSE
THUMPD2	0.15159230512278257	0.08079094510249255	FALSE	FALSE	FALSE
FHDC1	0.3909531501653767	0.08084360929408162	FALSE	FALSE	FALSE
ENSG00000258230	0.507589160322315	0.08084360929408162	FALSE	FALSE	FALSE
ENSG00000258768	-0.3126894877599483	0.08084360929408162	FALSE	FALSE	FALSE
ENSG00000262223	0.41505369870738335	0.08084360929408162	FALSE	FALSE	FALSE
LRIG1	-0.28778696663962716	0.08087393161205886	FALSE	FALSE	FALSE
COPS5	-0.10117664606664836	0.08087393161205886	FALSE	FALSE	FALSE
TIGD2	-0.19784359700504095	0.08115663611103499	FALSE	FALSE	FALSE
ENSG00000280195	0.209794857965116	0.08121696272479506	FALSE	FALSE	FALSE
ITGB1BP1	-0.22110933054330456	0.08155431733481024	FALSE	FALSE	FALSE
NAV2-AS6	0.5419851996469022	0.08155431733481024	FALSE	FALSE	FALSE
G2E3	0.14638633610541768	0.08155431733481024	FALSE	FALSE	FALSE
ADGRL2	-0.13719090729254974	0.08251436219948283	FALSE	FALSE	FALSE
ENSG00000288670	-0.19009029465273555	0.08258702507846312	FALSE	FALSE	FALSE
DPP4	0.6111910799379753	0.08258702507846312	FALSE	FALSE	FALSE
EXD3	0.19511048825567912	0.08258702507846312	FALSE	FALSE	FALSE
NAP1L1P1	-0.3986983281644853	0.08258702507846312	FALSE	FALSE	FALSE
CRACR2A	0.241762288395673	0.08258702507846312	FALSE	FALSE	FALSE
ITGA7	-0.26727785720108416	0.08258702507846312	FALSE	FALSE	FALSE
COL8A1	0.4928217888132065	0.08263181731535862	FALSE	FALSE	FALSE
ENSG00000247934	-0.24612640287995655	0.08267021759808824	FALSE	FALSE	FALSE
GPAA1P2	0.32639594413587925	0.08286191977266073	FALSE	FALSE	FALSE
PDLIM2	0.28143476687481184	0.08286191977266073	FALSE	FALSE	FALSE
ENSG00000223834	0.46017142042954423	0.08286191977266073	FALSE	FALSE	FALSE
MMP8	0.9359062205046004	0.08286191977266073	FALSE	FALSE	FALSE
ENSG00000279865	-0.3174753857057086	0.08286191977266073	FALSE	FALSE	FALSE
COX14	-0.31954210014629375	0.08286191977266073	FALSE	FALSE	FALSE
INPP5K	-0.28104426184911596	0.08286191977266073	FALSE	FALSE	FALSE
RGL4	0.22633785941911833	0.08286191977266073	FALSE	FALSE	FALSE
ZBTB44-DT	-0.43004047561070297	0.08298127749695319	FALSE	FALSE	FALSE
PPP2R3A	-0.1413591919296295	0.08344789430615812	FALSE	FALSE	FALSE
HIBADH	-0.16252591789740237	0.08344789430615812	FALSE	FALSE	FALSE
CDKN1C	-0.46959288859894993	0.08362071575968724	FALSE	FALSE	FALSE
VWA8	-0.16432261700291192	0.08362071575968724	FALSE	FALSE	FALSE
ENSG00000274156	0.5829733600409618	0.08362218488422733	FALSE	FALSE	FALSE
SLC2A5	0.85235561405262406	0.0836743124667992	FALSE	FALSE	FALSE
SLC5A10	0.3557388054896478	0.0836743124667992	FALSE	FALSE	FALSE
LINC01443	1.4132086735085472	0.0836743124667992	FALSE	FALSE	FALSE
F7	0.6283229498916052	0.08374536512501887	FALSE	FALSE	FALSE
ARPC3P4	0.4966570790250144	0.08428734402827269	FALSE	FALSE	FALSE
PLAAT3	-0.3994661946353398	0.08435925032651691	FALSE	FALSE	FALSE
C1orf116	0.8481676488764535	0.08446757908651716	FALSE	FALSE	FALSE
MGAT3	-0.36829725119812384	0.08485458367193889	FALSE	FALSE	FALSE
RPL39P3	-0.37078371243608865	0.08492276103405244	FALSE	FALSE	FALSE
PBRM1	-0.13377208439199215	0.08512261453619521	FALSE	FALSE	FALSE
FRMD7	1.3906098077172315	0.08512261453619521	FALSE	FALSE	FALSE
RRS1-DT	-0.7121918470443651	0.08515133111037629	FALSE	FALSE	FALSE
HMGA2-AS1	0.7095648232059057	0.08515133111037629	FALSE	FALSE	FALSE
THBS1	0.5773016771538582	0.08515133111037629	FALSE	FALSE	FALSE
SYNE3	-0.2805289340148676	0.08517927350005328	FALSE	FALSE	FALSE
MCF2	0.4052333469805937	0.08553581089847503	FALSE	FALSE	FALSE
HJURP	-0.6853786622695681	0.08583615866385148	FALSE	FALSE	FALSE
TMPRSS5	0.41552989448602984	0.08587466110716904	FALSE	FALSE	FALSE
EGFLAM	-0.4772826897685587	0.0859736395317664	FALSE	FALSE	FALSE
ETFA	-0.2298277295366148	0.0859736395317664	FALSE	FALSE	FALSE
FAM210B	-0.14370835296489726	0.08620428678160712	FALSE	FALSE	FALSE
CDC14B	-0.15694384257499985	0.08622463044203182	FALSE	FALSE	FALSE
MIR210HG	0.6153941386615293	0.08622463044203182	FALSE	FALSE	FALSE
PLSCR4	0.20392739773251148	0.08634949740947867	FALSE	FALSE	FALSE
PALS2	-0.2504315237566378	0.08634949740947867	FALSE	FALSE	FALSE
ENSG00000259920	-0.5911691998536753	0.08634949740947867	FALSE	FALSE	FALSE
TGFB3-AS1	0.7745113926214939	0.08634949740947867	FALSE	FALSE	FALSE
SHMT1	-0.4173822256638871	0.08677759005589915	FALSE	FALSE	FALSE
ST3GAL5-AS1	0.4599485950320786	0.08681473464413053	FALSE	FALSE	FALSE
POSTN	0.5263893807742048	0.08682672456779596	FALSE	FALSE	FALSE
TALDO1	-0.2712560839223796	0.08699279040044834	FALSE	FALSE	FALSE
MREG	-0.34234865873467724	0.0870005918152761	FALSE	FALSE	FALSE
SUPT20HL1	0.8381450675663854	0.0870005918152761	FALSE	FALSE	FALSE
MDK	0.4500793259907372	0.08712162412715733	FALSE	FALSE	FALSE
WDR97	0.2436819802442606	0.08716391519692425	FALSE	FALSE	FALSE
ZNF117	-0.4046761437196915	0.08727672960025412	FALSE	FALSE	FALSE
HCG11	-0.1970834951638946	0.08728781792850782	FALSE	FALSE	FALSE
RHCG	0.7013326379761378	0.08821803765262816	FALSE	FALSE	FALSE
ENSG00000235888	0.39703169139074074	0.08824363672124703	FALSE	FALSE	FALSE
PROX1-AS1	0.8798340950787646	0.08916369675899391	FALSE	FALSE	FALSE
TMEM256	-0.20804525604898944	0.08916369675899391	FALSE	FALSE	FALSE
ALDH7A1	-0.16465654104074304	0.08917814882817231	FALSE	FALSE	FALSE
STMN3	0.3522963541522782	0.08917814882817231	FALSE	FALSE	FALSE
ENSG00000273523	-0.4566833121394964	0.08930868181513116	FALSE	FALSE	FALSE
WNT2B	0.19056983315076223	0.08964791021131571	FALSE	FALSE	FALSE
PYGO2	-0.14485016872209483	0.08964791021131571	FALSE	FALSE	FALSE
GPAA1P1	0.6444600013276699	0.08964791021131571	FALSE	FALSE	FALSE
TMEM45A	0.4501320321376064	0.08964791021131571	FALSE	FALSE	FALSE
PCBD1	-0.24520003446986272	0.08964791021131571	FALSE	FALSE	FALSE
TM7SF2	-0.5477114416603633	0.08964791021131571	FALSE	FALSE	FALSE
ENSG00000261499	-0.5171414002013477	0.08964791021131571	FALSE	FALSE	FALSE
PIK3CB	-0.16423097918014987	0.09002262621284138	FALSE	FALSE	FALSE
ENSG00000232648	-0.4233624859480247	0.09018450191201302	FALSE	FALSE	FALSE
CD151	-0.2399141849194511	0.09059031713312136	FALSE	FALSE	FALSE
EGLN3	0.6181391003139205	0.09067581585922224	FALSE	FALSE	FALSE
FGFBP2	-0.7228182172937749	0.0907274425547661	FALSE	FALSE	FALSE
AQP7	-0.4459276776553926	0.09079705241794636	FALSE	FALSE	FALSE
GNG7	-0.27356000677285297	0.09080111659653528	FALSE	FALSE	FALSE
MATN1	0.4193635052624195	0.09109043927712046	FALSE	FALSE	FALSE
COL16A1	0.32605790579666444	0.09109043927712046	FALSE	FALSE	FALSE
ICE2	-0.11383771800407076	0.09109043927712046	FALSE	FALSE	FALSE
ENSG00000280339	-0.34611876512418427	0.09119282963314518	FALSE	FALSE	FALSE
RCN2	-0.12216034684405032	0.09119282963314518	FALSE	FALSE	FALSE
ENSG00000280425	0.8209082161095322	0.09129602919227069	FALSE	FALSE	FALSE
ENSG00000234160	-0.3445855997177556	0.09145233432548013	FALSE	FALSE	FALSE
EGFEM1P	-0.6179594295150125	0.09151019311173264	FALSE	FALSE	FALSE
FUT5	1.1664137071871363	0.091620072408337	FALSE	FALSE	FALSE
BPI	0.7141618225433877	0.0916228778493901	FALSE	FALSE	FALSE
TMLHE	-0.13193820112217783	0.0916228778493901	FALSE	FALSE	FALSE
ORC3	-0.1189132533932176	0.09167217719713344	FALSE	FALSE	FALSE
RBPMS-AS1	-0.4608870100972134	0.09167217719713344	FALSE	FALSE	FALSE
CREBL2	-0.14961534898638354	0.09167217719713344	FALSE	FALSE	FALSE
SUCLA2	-0.2052308444064793	0.09167217719713344	FALSE	FALSE	FALSE
LMO7DN	0.8542041647517284	0.09167217719713344	FALSE	FALSE	FALSE
ENSG00000269151	0.6206464148391254	0.09167217719713344	FALSE	FALSE	FALSE
ERLIN2	-0.11830076601522642	0.0920264692930432	FALSE	FALSE	FALSE
TFR2	0.43692385322828714	0.09207320001070368	FALSE	FALSE	FALSE
TFAP2A	0.6436986594833631	0.09207546600855734	FALSE	FALSE	FALSE
LDHB	-0.31404614088919097	0.09207546600855734	FALSE	FALSE	FALSE
PIGP	-0.22695018769441871	0.09207546600855734	FALSE	FALSE	FALSE
PDCD1LG2	0.27826085616787116	0.09211935154337708	FALSE	FALSE	FALSE
GGCX	-0.14855665701154097	0.0922312010518721	FALSE	FALSE	FALSE
DEPDC1	-0.7507418733455529	0.09266181837421532	FALSE	FALSE	FALSE
ENSG00000287593	0.6759585855714011	0.09266181837421532	FALSE	FALSE	FALSE
BCKDHB	-0.22313955352785583	0.09266181837421532	FALSE	FALSE	FALSE
FAM3C	0.2267811887760128	0.09266181837421532	FALSE	FALSE	FALSE
ACSM2A	0.6755453517809643	0.09266181837421532	FALSE	FALSE	FALSE
DHRS13	0.3719086012861685	0.09266181837421532	FALSE	FALSE	FALSE
ENSG00000275389	-0.42181920172530807	0.09279488857285752	FALSE	FALSE	FALSE
CMPK1	-0.18196050816117684	0.0932782231743114	FALSE	FALSE	FALSE
ARRB1	-0.20690126591474997	0.09335088338926244	FALSE	FALSE	FALSE
ENSG00000271320	-0.5850777987235756	0.09368772385371751	FALSE	FALSE	FALSE
MTARC2	-0.17070874549616408	0.09375139544358951	FALSE	FALSE	FALSE
WNT9A	0.5194539030569558	0.09375139544358951	FALSE	FALSE	FALSE
VIRMA	-0.10032267064191984	0.09375139544358951	FALSE	FALSE	FALSE
IGF2	0.5724879825567194	0.09375139544358951	FALSE	FALSE	FALSE
BRD7	-0.06559171247424282	0.09375139544358951	FALSE	FALSE	FALSE
CDH23	-0.36027583684925996	0.09386991466915236	FALSE	FALSE	FALSE
SMOX	0.251525917640347	0.09386991466915236	FALSE	FALSE	FALSE
ENSG00000284669	0.4295759719634817	0.09397005446959109	FALSE	FALSE	FALSE
C2orf27A	0.29936577887028637	0.0940401392071388	FALSE	FALSE	FALSE
ENSG00000261207	0.40505394449732335	0.0940401392071388	FALSE	FALSE	FALSE
ENSG00000278434	0.37721655474965543	0.0940401392071388	FALSE	FALSE	FALSE
PRDM5	0.1938278048077831	0.09407170709381008	FALSE	FALSE	FALSE
